"ID","Name","Is_Closed","URL","Review_Count","Categories","Rating","Latitude","Longitude","Price","Address"
"tbOkQNd-KfyGo-d2BKGo-g","Thorpedo Restaurant","FALSE","https://www.yelp.com/biz/thorpedo-restaurant-thorp?adjust_creative=QNZpjiWMh-xtTiixb79gYw&utm_campaign=yelp_api_v3&utm_medium=api_v3_business_search&utm_source=QNZpjiWMh-xtTiixb79gYw","31","Breakfast & Brunch","4","44.95396","-90.80102","$","102 W Hill St"
"1T2TViTOCgY8ZGI1AzG1bQ","Aroma Cafe","FALSE","https://www.yelp.com/biz/aroma-cafe-thorp?adjust_creative=QNZpjiWMh-xtTiixb79gYw&utm_campaign=yelp_api_v3&utm_medium=api_v3_business_search&utm_source=QNZpjiWMh-xtTiixb79gYw","8","Cafes | Coffee & Tea | Burgers","5","44.9614115298084","-90.8000295079346","$","300 N Washington St"
"3jcEe1A4WoRwTUDg0uTXsA","Mesquite Grill & Pub","FALSE","https://www.yelp.com/biz/mesquite-grill-and-pub-thorp?adjust_creative=QNZpjiWMh-xtTiixb79gYw&utm_campaign=yelp_api_v3&utm_medium=api_v3_business_search&utm_source=QNZpjiWMh-xtTiixb79gYw","9","Barbeque","3.5","44.9528418183519","-90.801923579251","$$","205 W Hill St"
"kqmWdmoJuPrr4NvOaleTpw","Thorp Dairy Bar Cafe","FALSE","https://www.yelp.com/biz/thorp-dairy-bar-cafe-thorp-2?adjust_creative=QNZpjiWMh-xtTiixb79gYw&utm_campaign=yelp_api_v3&utm_medium=api_v3_business_search&utm_source=QNZpjiWMh-xtTiixb79gYw","2","Diners | Breakfast & Brunch | Ice Cream & Frozen Yogurt","4","44.9603552461176","-90.8005244677947","$","221 N Washington St"
"SO2lqaTK6xazShGQgK4U_w","Pippi's Firehouse Restaurant","FALSE","https://www.yelp.com/biz/pippis-firehouse-restaurant-thorp?adjust_creative=QNZpjiWMh-xtTiixb79gYw&utm_campaign=yelp_api_v3&utm_medium=api_v3_business_search&utm_source=QNZpjiWMh-xtTiixb79gYw","2","Sandwiches","1","44.96262","-90.80002","","404 N Washington St"
"uHykLbboHCvEC9Cvzq9ydQ","Martino's Restaurant","FALSE","https://www.yelp.com/biz/martinos-restaurant-stanley?adjust_creative=QNZpjiWMh-xtTiixb79gYw&utm_campaign=yelp_api_v3&utm_medium=api_v3_business_search&utm_source=QNZpjiWMh-xtTiixb79gYw","13","Pizza","4","44.955306","-90.923251","$$","965 Pine St"
"Sae6kScoxBuoIrzCzsGHnA","The Rose Den Cafe","FALSE","https://www.yelp.com/biz/the-rose-den-cafe-stanley?adjust_creative=QNZpjiWMh-xtTiixb79gYw&utm_campaign=yelp_api_v3&utm_medium=api_v3_business_search&utm_source=QNZpjiWMh-xtTiixb79gYw","2","Breakfast & Brunch","5","44.9600191656127","-90.9356123798213","","143 E 1st Ave"
"kZdU28R9TIcfFcCQk8KmRQ","Subway","FALSE","https://www.yelp.com/biz/subway-thorp?adjust_creative=QNZpjiWMh-xtTiixb79gYw&utm_campaign=yelp_api_v3&utm_medium=api_v3_business_search&utm_source=QNZpjiWMh-xtTiixb79gYw","4","Sandwiches | Fast Food","1.5","44.9542988249248","-90.801007977142","$","602 S Washington St"
"2Psq-KLDhxa7dhqrizhZIw","McDonald's","FALSE","https://www.yelp.com/biz/mcdonalds-thorp?adjust_creative=QNZpjiWMh-xtTiixb79gYw&utm_campaign=yelp_api_v3&utm_medium=api_v3_business_search&utm_source=QNZpjiWMh-xtTiixb79gYw","3","Fast Food | Burgers | Coffee & Tea","3.5","44.9532602077192","-90.8009679615498","$","101 W Hill"
"jHI9uR-6kE5SRepqlh_4AQ","A & W Restaurant","FALSE","https://www.yelp.com/biz/a-and-w-restaurant-stanley?adjust_creative=QNZpjiWMh-xtTiixb79gYw&utm_campaign=yelp_api_v3&utm_medium=api_v3_business_search&utm_source=QNZpjiWMh-xtTiixb79gYw","3","Burgers | Fast Food","3.5","44.9550858","-90.9367523","$","175 Pine St"
"6LSgr4pqPR1pYzJ5Bh43SQ","Panda Garden","FALSE","https://www.yelp.com/biz/panda-garden-stanley?adjust_creative=QNZpjiWMh-xtTiixb79gYw&utm_campaign=yelp_api_v3&utm_medium=api_v3_business_search&utm_source=QNZpjiWMh-xtTiixb79gYw","1","Chinese","3","44.949591","-90.937065","","617 S Broadway St"
"3pxn9yRe0n10v6dl4R12Rw","K B's Hayloft Bar","FALSE","https://www.yelp.com/biz/k-bs-hayloft-bar-withee?adjust_creative=QNZpjiWMh-xtTiixb79gYw&utm_campaign=yelp_api_v3&utm_medium=api_v3_business_search&utm_source=QNZpjiWMh-xtTiixb79gYw","2","Bars | Restaurants","3.5","44.9515029788017","-90.5998042970896","$","522 W Mill St"
"KkHP04CP-npMzM1v9e7y1g","Aka Lakeside","FALSE","https://www.yelp.com/biz/aka-lakeside-willard?adjust_creative=QNZpjiWMh-xtTiixb79gYw&utm_campaign=yelp_api_v3&utm_medium=api_v3_business_search&utm_source=QNZpjiWMh-xtTiixb79gYw","2","Restaurants","4.5","44.730377","-90.847366","","N8560 Hay Creek Rd"
"vEHekMFHO9EqWUTIp_OAKA","Cozy Corner Cafe","FALSE","https://www.yelp.com/biz/cozy-corner-cafe-owen?adjust_creative=QNZpjiWMh-xtTiixb79gYw&utm_campaign=yelp_api_v3&utm_medium=api_v3_business_search&utm_source=QNZpjiWMh-xtTiixb79gYw","4","Restaurants","5","44.9481213837862","-90.5644735693932","","136 N Central Ave"
"JL4ezEUyJo32sQY-KPdjPg","The Thirsty Squirrel","FALSE","https://www.yelp.com/biz/the-thirsty-squirrel-owen?adjust_creative=QNZpjiWMh-xtTiixb79gYw&utm_campaign=yelp_api_v3&utm_medium=api_v3_business_search&utm_source=QNZpjiWMh-xtTiixb79gYw","1","Diners | Bars","5","44.9444887","-90.5473526","","907 E 3rd St"
"ZPUiHfQ_NYNXLcOWJ4Bn0g","Rondi's Country Cafe","FALSE","https://www.yelp.com/biz/rondis-country-cafe-withee?adjust_creative=QNZpjiWMh-xtTiixb79gYw&utm_campaign=yelp_api_v3&utm_medium=api_v3_business_search&utm_source=QNZpjiWMh-xtTiixb79gYw","5","Restaurants","3","44.9474106","-90.5985565","$","121 Division St"
"_ckutESXyRBXkpP-suAe3Q","Mobil Mart","FALSE","https://www.yelp.com/biz/mobil-mart-withee?adjust_creative=QNZpjiWMh-xtTiixb79gYw&utm_campaign=yelp_api_v3&utm_medium=api_v3_business_search&utm_source=QNZpjiWMh-xtTiixb79gYw","1","Convenience Stores | Pizza","5","44.9498158693314","-90.5977886170149","","212 Division St"
"x0jZ5wRo6f-BLIpg2L0vOQ","Medo's Family Style Restaurant","FALSE","https://www.yelp.com/biz/medos-family-style-restaurant-abbotsford?adjust_creative=QNZpjiWMh-xtTiixb79gYw&utm_campaign=yelp_api_v3&utm_medium=api_v3_business_search&utm_source=QNZpjiWMh-xtTiixb79gYw","14","Breakfast & Brunch | American (Traditional) | Waffles","4","44.95033686827","-90.3170964135485","$$","311 N 4th St"
"gihJQQy1EZ8AkCmQU7YPng","El Norteno Mexican Restaurant","FALSE","https://www.yelp.com/biz/el-norteno-mexican-restaurant-curtiss?adjust_creative=QNZpjiWMh-xtTiixb79gYw&utm_campaign=yelp_api_v3&utm_medium=api_v3_business_search&utm_source=QNZpjiWMh-xtTiixb79gYw","13","Mexican","4","44.9465797841549","-90.4313910752535","$$","318 Plaza Dr"
"4lQi17ZrEHRTDThIbQH33w","Abbyland Travel Center","FALSE","https://www.yelp.com/biz/abbyland-travel-center-curtiss?adjust_creative=QNZpjiWMh-xtTiixb79gYw&utm_campaign=yelp_api_v3&utm_medium=api_v3_business_search&utm_source=QNZpjiWMh-xtTiixb79gYw","9","Convenience Stores | Buffets","4.5","44.9478379","-90.4326373","$$","219 Plaza Dr"
"vcyQDAp3uYwH9Cc_ltwugg","Amber's Colby Cafe","FALSE","https://www.yelp.com/biz/ambers-colby-cafe-colby?adjust_creative=QNZpjiWMh-xtTiixb79gYw&utm_campaign=yelp_api_v3&utm_medium=api_v3_business_search&utm_source=QNZpjiWMh-xtTiixb79gYw","10","American (Traditional) | Breakfast & Brunch | Ice Cream & Frozen Yogurt","4","44.90826","-90.31556","$","100 W Clark St"
"jHTB2g2wUG7hDkPqssnxbg","Abby Cafe","FALSE","https://www.yelp.com/biz/abby-cafe-abbotsford?adjust_creative=QNZpjiWMh-xtTiixb79gYw&utm_campaign=yelp_api_v3&utm_medium=api_v3_business_search&utm_source=QNZpjiWMh-xtTiixb79gYw","18","Coffee & Tea | Burgers | Sandwiches","3","44.9458684","-90.3180519","$","206 E Spruce St"
"XrbbpyH7FEHwyPVoJtS_2Q","Boozers Bar & Grill","FALSE","https://www.yelp.com/biz/boozers-bar-and-grill-dorchester?adjust_creative=QNZpjiWMh-xtTiixb79gYw&utm_campaign=yelp_api_v3&utm_medium=api_v3_business_search&utm_source=QNZpjiWMh-xtTiixb79gYw","4","American (Traditional) | Bars","3","45.0028152","-90.3250351","","498 E 1st Ave"
"SXtG1acHODy10FXK8lYeFg","City Brew","FALSE","https://www.yelp.com/biz/city-brew-colby?adjust_creative=QNZpjiWMh-xtTiixb79gYw&utm_campaign=yelp_api_v3&utm_medium=api_v3_business_search&utm_source=QNZpjiWMh-xtTiixb79gYw","2","Coffee & Tea | Soup | Sandwiches","4","44.9093118309975","-90.3165147453547","$","111 S 1st St"
"CnOWC2cMvvzbv7q1oAZHMQ","Ray's Market","FALSE","https://www.yelp.com/biz/rays-market-colby?adjust_creative=QNZpjiWMh-xtTiixb79gYw&utm_campaign=yelp_api_v3&utm_medium=api_v3_business_search&utm_source=QNZpjiWMh-xtTiixb79gYw","2","Meat Shops | Delis | Cheese Shops","4","44.93127","-90.31029","","H-3590 Elderberry Rd"
"JBbZeRJOwxRH8UObcSkHkA","Great Wall","FALSE","https://www.yelp.com/biz/great-wall-colby?adjust_creative=QNZpjiWMh-xtTiixb79gYw&utm_campaign=yelp_api_v3&utm_medium=api_v3_business_search&utm_source=QNZpjiWMh-xtTiixb79gYw","5","Chinese","2","44.9199981689453","-90.3145523071289","","120 Dehne Dr"
"nQuKJatq8nxvaPyCKBFA8w","Hardees","FALSE","https://www.yelp.com/biz/hardees-colby?adjust_creative=QNZpjiWMh-xtTiixb79gYw&utm_campaign=yelp_api_v3&utm_medium=api_v3_business_search&utm_source=QNZpjiWMh-xtTiixb79gYw","1","Burgers","5","44.9283638000488","-90.3145370483398","","1210 N Division St"
"gYyBj-8mWiIWzqcW4SyXJQ","Pizza Hut","FALSE","https://www.yelp.com/biz/pizza-hut-abbotsford-3?adjust_creative=QNZpjiWMh-xtTiixb79gYw&utm_campaign=yelp_api_v3&utm_medium=api_v3_business_search&utm_source=QNZpjiWMh-xtTiixb79gYw","2","Pizza | Italian | Chicken Wings","2.5","44.9454765319824","-90.311408996582","$$","801 E Spruce St"
"qQyB80azH3e744eRbPFXFQ","McDonald's","FALSE","https://www.yelp.com/biz/mcdonalds-abbotsford-8?adjust_creative=QNZpjiWMh-xtTiixb79gYw&utm_campaign=yelp_api_v3&utm_medium=api_v3_business_search&utm_source=QNZpjiWMh-xtTiixb79gYw","3","Burgers | Fast Food | Coffee & Tea","1.5","44.9367392089169","-90.3172619881957","$","601 S 4th St"
"TWK9O1p4YEsUCmv02bKnjg","Redwood Supper Club","FALSE","https://www.yelp.com/biz/redwood-supper-club-unity?adjust_creative=QNZpjiWMh-xtTiixb79gYw&utm_campaign=yelp_api_v3&utm_medium=api_v3_business_search&utm_source=QNZpjiWMh-xtTiixb79gYw","1","Restaurants","5","44.8460312","-90.3156433","","410 S Front St"
"DmoGswoDY1lhQOanFAoJyg","Kow Kickin' Cafe","FALSE","https://www.yelp.com/biz/kow-kickin-cafe-greenwood?adjust_creative=QNZpjiWMh-xtTiixb79gYw&utm_campaign=yelp_api_v3&utm_medium=api_v3_business_search&utm_source=QNZpjiWMh-xtTiixb79gYw","3","American (Traditional)","3.5","44.77089","-90.5986099","$","313 N Main St"
"ADLfvwX2gt1zKknJNrd9ig","Parkway Pines","FALSE","https://www.yelp.com/biz/parkway-pines-greenwood?adjust_creative=QNZpjiWMh-xtTiixb79gYw&utm_campaign=yelp_api_v3&utm_medium=api_v3_business_search&utm_source=QNZpjiWMh-xtTiixb79gYw","1","Italian | Seafood","5","44.781334","-90.598165","","N10005 State Hwy 73"
"OxpPqUpVuDUgtwb_uXEQXQ","Nutz Deep II","FALSE","https://www.yelp.com/biz/nutz-deep-ii-spencer?adjust_creative=QNZpjiWMh-xtTiixb79gYw&utm_campaign=yelp_api_v3&utm_medium=api_v3_business_search&utm_source=QNZpjiWMh-xtTiixb79gYw","3","Bars | American (Traditional)","4","44.7572326660156","-90.2993087768555","$$","103 E Clark St"
"xm6BAgBcZtemfdTeK61zWg","Subway","FALSE","https://www.yelp.com/biz/subway-spencer-2?adjust_creative=QNZpjiWMh-xtTiixb79gYw&utm_campaign=yelp_api_v3&utm_medium=api_v3_business_search&utm_source=QNZpjiWMh-xtTiixb79gYw","1","Sandwiches | Fast Food","2","44.757149","-90.295962","","100 S Pacific St"
"6tooUAl7ixVFlVdXvud16g","Phil & Eleanor's Steak House","FALSE","https://www.yelp.com/biz/phil-and-eleanors-steak-house-medford-3?adjust_creative=QNZpjiWMh-xtTiixb79gYw&utm_campaign=yelp_api_v3&utm_medium=api_v3_business_search&utm_source=QNZpjiWMh-xtTiixb79gYw","6","Steakhouses | Seafood | Cocktail Bars","5","45.1167615932411","-90.3308394038731","$$","N2319 State Hwy 13"
"It9CIaLinRdnMt_oQHTZBw","Filling Station Cafe & Bar","FALSE","https://www.yelp.com/biz/filling-station-cafe-and-bar-medford?adjust_creative=QNZpjiWMh-xtTiixb79gYw&utm_campaign=yelp_api_v3&utm_medium=api_v3_business_search&utm_source=QNZpjiWMh-xtTiixb79gYw","6","American (New)","4","45.1402206","-90.3621674","$","884 W Broadway Ave"
"08jE2a-z6o0MAdQXjpxYUQ","Uncommon Ground","FALSE","https://www.yelp.com/biz/uncommon-ground-medford?adjust_creative=QNZpjiWMh-xtTiixb79gYw&utm_campaign=yelp_api_v3&utm_medium=api_v3_business_search&utm_source=QNZpjiWMh-xtTiixb79gYw","9","Coffee & Tea | Cafes","4.5","45.13858","-90.34498","$$","118 S Main St"
"ey36ReZobuBHH4LiVyMVXw","Medford Cafe","FALSE","https://www.yelp.com/biz/medford-cafe-medford?adjust_creative=QNZpjiWMh-xtTiixb79gYw&utm_campaign=yelp_api_v3&utm_medium=api_v3_business_search&utm_source=QNZpjiWMh-xtTiixb79gYw","9","Sandwiches","3.5","45.13589","-90.33365","$","403 S 8th St"
"X_0_i0JNIAg8TGvCvv6HKg","8th Street Restaurant & Saloon","FALSE","https://www.yelp.com/biz/8th-street-restaurant-and-saloon-medford?adjust_creative=QNZpjiWMh-xtTiixb79gYw&utm_campaign=yelp_api_v3&utm_medium=api_v3_business_search&utm_source=QNZpjiWMh-xtTiixb79gYw","7","American (Traditional)","3.5","45.14431","-90.33421","$$","331 N 8th St"
"xBba6LsDZLqj7QJ5S-IAXA","Las Palmas","FALSE","https://www.yelp.com/biz/las-palmas-medford?adjust_creative=QNZpjiWMh-xtTiixb79gYw&utm_campaign=yelp_api_v3&utm_medium=api_v3_business_search&utm_source=QNZpjiWMh-xtTiixb79gYw","4","Mexican","4.5","45.13776","-90.3449","$","149 S Main St"
"yDrs9Pqr-c20JYCib6eT3w","Rocky's Cozy Kitchen","FALSE","https://www.yelp.com/biz/rockys-cozy-kitchen-medford?adjust_creative=QNZpjiWMh-xtTiixb79gYw&utm_campaign=yelp_api_v3&utm_medium=api_v3_business_search&utm_source=QNZpjiWMh-xtTiixb79gYw","3","Diners","3.5","45.1403899","-90.33376","$$","145 S 8th St"
"recblmbjhpFir6M4h_9xdg","El Jovenaso Mexican Restaurant","FALSE","https://www.yelp.com/biz/el-jovenaso-mexican-restaurant-medford?adjust_creative=QNZpjiWMh-xtTiixb79gYw&utm_campaign=yelp_api_v3&utm_medium=api_v3_business_search&utm_source=QNZpjiWMh-xtTiixb79gYw","2","Mexican","4.5","45.1411","-90.3337899","","125 S 8th St"
"S7LUYSHwof-LP0fXUgoMXQ","La Morenita","FALSE","https://www.yelp.com/biz/la-morenita-spencer?adjust_creative=QNZpjiWMh-xtTiixb79gYw&utm_campaign=yelp_api_v3&utm_medium=api_v3_business_search&utm_source=QNZpjiWMh-xtTiixb79gYw","2","Mexican | Breakfast & Brunch | Seafood","5","44.75559","-90.29378","","212 S Pacific St"
"o2srSCqWtVmM1eUXF5EhgQ","Asian Buffet","FALSE","https://www.yelp.com/biz/asian-buffet-medford?adjust_creative=QNZpjiWMh-xtTiixb79gYw&utm_campaign=yelp_api_v3&utm_medium=api_v3_business_search&utm_source=QNZpjiWMh-xtTiixb79gYw","3","Buffets | Chinese | Asian Fusion","3","45.1369770673644","-90.3319149836898","","344 S 8th St"
"eMcR9KL8Obbp-FLtyqZ63w","Hardee's","FALSE","https://www.yelp.com/biz/hardees-medford?adjust_creative=QNZpjiWMh-xtTiixb79gYw&utm_campaign=yelp_api_v3&utm_medium=api_v3_business_search&utm_source=QNZpjiWMh-xtTiixb79gYw","2","Fast Food","5","45.13884","-90.33295","$","230 S 8th St"
"HGFOKgAhMz8F6ud7G6VrIA","McDonald's","FALSE","https://www.yelp.com/biz/mcdonalds-medford-5?adjust_creative=QNZpjiWMh-xtTiixb79gYw&utm_campaign=yelp_api_v3&utm_medium=api_v3_business_search&utm_source=QNZpjiWMh-xtTiixb79gYw","3","Burgers | Fast Food | Coffee & Tea","1","45.1401037646411","-90.3328956739733","$","140 S 8th St"
"qZYTMb4oFNo_vxvtkVd1bw","Subway","FALSE","https://www.yelp.com/biz/subway-medford-6?adjust_creative=QNZpjiWMh-xtTiixb79gYw&utm_campaign=yelp_api_v3&utm_medium=api_v3_business_search&utm_source=QNZpjiWMh-xtTiixb79gYw","2","Fast Food | Sandwiches","3.5","45.136515806401","-90.3323551227447","$$","174 Medford Plz"
"nSSgZRKbudS2_5W2MNiL9g","Wildcat Inn","FALSE","https://www.yelp.com/biz/wildcat-inn-neillsville?adjust_creative=QNZpjiWMh-xtTiixb79gYw&utm_campaign=yelp_api_v3&utm_medium=api_v3_business_search&utm_source=QNZpjiWMh-xtTiixb79gYw","5","Seafood | Steakhouses | Sandwiches","5","44.573329","-90.729335","$$","W8270 County Rd B"
"-PrQud_wM0CVdtvwu3L96w","Apple Valley Bar & Grill","FALSE","https://www.yelp.com/biz/apple-valley-bar-and-grill-neillsville?adjust_creative=QNZpjiWMh-xtTiixb79gYw&utm_campaign=yelp_api_v3&utm_medium=api_v3_business_search&utm_source=QNZpjiWMh-xtTiixb79gYw","3","Bars | American (Traditional)","2.5","44.5527619235751","-90.6010122969747","","415 W Hwy 10"
"1RhHXG83hlmUfsKnZ7HcRA","Speakeasy Saloon","FALSE","https://www.yelp.com/biz/speakeasy-saloon-neillsville?adjust_creative=QNZpjiWMh-xtTiixb79gYw&utm_campaign=yelp_api_v3&utm_medium=api_v3_business_search&utm_source=QNZpjiWMh-xtTiixb79gYw","1","Restaurants | Beer, Wine & Spirits","4","44.564722","-90.698083","","W 7652 Hwy 10"
"fEChYqSOnKrz6zF2C1xmqQ","Castle Hill Supper Club","FALSE","https://www.yelp.com/biz/castle-hill-supper-club-merrillan?adjust_creative=QNZpjiWMh-xtTiixb79gYw&utm_campaign=yelp_api_v3&utm_medium=api_v3_business_search&utm_source=QNZpjiWMh-xtTiixb79gYw","9","Steakhouses | Buffets","3.5","44.417168","-90.833012","","N9581 US Hwy 12"
"xUW2rl40qa3YGlTFa7vm_w","Inwood-Hatfield","FALSE","https://www.yelp.com/biz/inwood-hatfield-merrillan?adjust_creative=QNZpjiWMh-xtTiixb79gYw&utm_campaign=yelp_api_v3&utm_medium=api_v3_business_search&utm_source=QNZpjiWMh-xtTiixb79gYw","2","Restaurants","5","44.415096","-90.731323","$$","N9503 County Road K"
"fwMWBinZOhv7nobbZN5QwQ","Merrillan Cafe","FALSE","https://www.yelp.com/biz/merrillan-cafe-merrillan?adjust_creative=QNZpjiWMh-xtTiixb79gYw&utm_campaign=yelp_api_v3&utm_medium=api_v3_business_search&utm_source=QNZpjiWMh-xtTiixb79gYw","3","Cafes","4.5","44.45403","-90.8443099","","400 N Washington St"
"M0OWvVRZUxGow3Yi1FfUCA","Stones Throw Bar & Grill","FALSE","https://www.yelp.com/biz/stones-throw-bar-and-grill-merrillan?adjust_creative=QNZpjiWMh-xtTiixb79gYw&utm_campaign=yelp_api_v3&utm_medium=api_v3_business_search&utm_source=QNZpjiWMh-xtTiixb79gYw","17","Bars | American (Traditional)","4","44.4224863920111","-90.7271361351013","$$$","W8210 County Rd J"
"H7QoGCczf-borLHNUbSQaA","The Mug & JJ's Pizzaria","FALSE","https://www.yelp.com/biz/the-mug-and-jjs-pizzaria-hatfield?adjust_creative=QNZpjiWMh-xtTiixb79gYw&utm_campaign=yelp_api_v3&utm_medium=api_v3_business_search&utm_source=QNZpjiWMh-xtTiixb79gYw","4","Pizza | Bars","4.5","44.4143219","-90.7299805","$","N9505 Thunderbird Ln"
"Xy6qtUEuzwVRmEjXkCUhrQ","Lake Arbutus Sports Bar & Grill","FALSE","https://www.yelp.com/biz/lake-arbutus-sports-bar-and-grill-neillsville?adjust_creative=QNZpjiWMh-xtTiixb79gYw&utm_campaign=yelp_api_v3&utm_medium=api_v3_business_search&utm_source=QNZpjiWMh-xtTiixb79gYw","1","Fish & Chips | Sports Bars | Pizza","3","44.45454","-90.6855","","N1035 Riviera Ave"
"_LB6opBx-5Z4f17eyQzkEQ","Schmitty's on Main","FALSE","https://www.yelp.com/biz/schmittys-on-main-neillsville?adjust_creative=QNZpjiWMh-xtTiixb79gYw&utm_campaign=yelp_api_v3&utm_medium=api_v3_business_search&utm_source=QNZpjiWMh-xtTiixb79gYw","8","Breakfast & Brunch","4.5","44.5596027374268","-90.5963657051325","$","436 Hewett St"
"QFNBCkH4sWF6AIGOq0wOOw","Donna's Cozy Kitchen","FALSE","https://www.yelp.com/biz/donnas-cozy-kitchen-neillsville?adjust_creative=QNZpjiWMh-xtTiixb79gYw&utm_campaign=yelp_api_v3&utm_medium=api_v3_business_search&utm_source=QNZpjiWMh-xtTiixb79gYw","3","Breakfast & Brunch","2","44.5611496","-90.5966034","","630 Hewett St"
"utU2lTKifXRnRGhK4dQxyA","King House Chinese Restaurant","FALSE","https://www.yelp.com/biz/king-house-chinese-restaurant-neillsville?adjust_creative=QNZpjiWMh-xtTiixb79gYw&utm_campaign=yelp_api_v3&utm_medium=api_v3_business_search&utm_source=QNZpjiWMh-xtTiixb79gYw","6","Chinese","4","44.5603968817111","-90.5960837104267","","537 Hewett St"
"GLFJ0YI4pbfFa-b18lx0ag","Strike Time Lanes","FALSE","https://www.yelp.com/biz/strike-time-lanes-neillsville-3?adjust_creative=QNZpjiWMh-xtTiixb79gYw&utm_campaign=yelp_api_v3&utm_medium=api_v3_business_search&utm_source=QNZpjiWMh-xtTiixb79gYw","1","Bowling | Bars | Pizza","4","44.551497","-90.597555","","11 S Grand Ave"
"kvNNd8EpQYXOiQwXddbRQQ","A&W Restaurant","FALSE","https://www.yelp.com/biz/a-and-w-restaurant-neillsville?adjust_creative=QNZpjiWMh-xtTiixb79gYw&utm_campaign=yelp_api_v3&utm_medium=api_v3_business_search&utm_source=QNZpjiWMh-xtTiixb79gYw","3","Burgers | Fast Food","3","44.55325","-90.59008","","501 E Division St"
"RieSxXcyGQN9AjgZaAYySQ","Hardee's","FALSE","https://www.yelp.com/biz/hardees-neillsville?adjust_creative=QNZpjiWMh-xtTiixb79gYw&utm_campaign=yelp_api_v3&utm_medium=api_v3_business_search&utm_source=QNZpjiWMh-xtTiixb79gYw","2","Fast Food","2","44.5522804","-90.5948715","","150 E Division St"
"ORuJLksM5jLG0sEtdHu8Og","Pizza Hut","FALSE","https://www.yelp.com/biz/pizza-hut-neillsville?adjust_creative=QNZpjiWMh-xtTiixb79gYw&utm_campaign=yelp_api_v3&utm_medium=api_v3_business_search&utm_source=QNZpjiWMh-xtTiixb79gYw","1","Pizza | Italian | Chicken Wings","5","44.5529785","-90.5929337","","303 E Division St"
"riYDYRdtTkBklwRMDHaLiQ","Mapleworks Cafe and Bar","FALSE","https://www.yelp.com/biz/mapleworks-cafe-and-bar-granton-2?adjust_creative=QNZpjiWMh-xtTiixb79gYw&utm_campaign=yelp_api_v3&utm_medium=api_v3_business_search&utm_source=QNZpjiWMh-xtTiixb79gYw","5","American (Traditional) | Breakfast & Brunch","4.5","44.5883899","-90.46167","$","100 W 1st St"
"fipSWVWjglPUd4tyorqpkg","Tommy's Hilltop Tavern","FALSE","https://www.yelp.com/biz/tommys-hilltop-tavern-granton-2?adjust_creative=QNZpjiWMh-xtTiixb79gYw&utm_campaign=yelp_api_v3&utm_medium=api_v3_business_search&utm_source=QNZpjiWMh-xtTiixb79gYw","1","American (New)","4","44.5741005","-90.4564133","","W2860 US Hwy 10"
"i9u3Ezj9Zkj07vXi6uMLwQ","Lindsey Bar & Grill","FALSE","https://www.yelp.com/biz/lindsey-bar-and-grill-marshfield?adjust_creative=QNZpjiWMh-xtTiixb79gYw&utm_campaign=yelp_api_v3&utm_medium=api_v3_business_search&utm_source=QNZpjiWMh-xtTiixb79gYw","2","Restaurants | Bars | Caterers","5","44.5554046630859","-90.2995758056641","$$","8484 County Rd V"
"JywD69xmHNqRI_RKZ3rw2w","Bev's Saddle Mound Tap","FALSE","https://www.yelp.com/biz/bevs-saddle-mound-tap-pittsville?adjust_creative=QNZpjiWMh-xtTiixb79gYw&utm_campaign=yelp_api_v3&utm_medium=api_v3_business_search&utm_source=QNZpjiWMh-xtTiixb79gYw","3","American (Traditional) | Pizza","4.5","44.3736801","-90.4967728","$","N8376 Pray Rd"
